varieties,ambience,management,service,value
3.825991741,3.822564628,3.831014127,3.825718834,3.818098967
